pdi_id,pdi_prd_qtd,pdi_pdd_id,pdi_prd_id
1,3,3,18
2,1,4,4
3,3,5,11
4,3,5,19
5,1,6,14
6,1,6,18
7,2,7,2
8,2,7,14
9,3,8,19
10,1,9,16
11,1,10,1
12,2,10,1
13,2,11,10
14,2,11,9
15,1,12,13
16,2,13,10
17,2,13,14
18,2,14,9
19,1,15,19
20,3,16,18
21,3,16,6
22,3,17,3
23,3,17,18
24,1,18,3
25,1,18,3
26,2,18,6
27,2,19,9
28,1,20,12
29,2,21,10
30,3,22,9
31,3,22,6
32,1,22,16
33,3,22,5
34,3,23,16
35,2,24,1
36,2,25,10
37,3,25,9
38,2,25,3
39,2,26,9
40,3,27,13
